{"_runtime":1211,"train/grad_norm":1.6885743141174316,"final/eval_loss":0.5910437656069796,"train/epoch":1,"eval/epoch":0,"epoch":1,"epoch/eval_loss":0.5910437656069796,"train/loss":0.5615094602108002,"epoch/learning_rate":0,"_timestamp":1.7594684139474502e+09,"_wandb":{"runtime":1211},"final/model_path":"../../../models/transformers/Qwen3-0.6B/DPOTrained/dpo_policy_lora","eval/loss":0.5910437656069796,"final/train_loss":0.6345325913416778,"train/learning_rate":1.7241379310344828e-07,"train/step":300,"_step":32,"epoch/train_loss":0.6345325913416778}