{"_timestamp":1.7594528866365042e+09,"train/loss":2.745805501937866,"eval/loss":0.6767402585710882,"train/learning_rate":3.6697247706422022e-06,"final/model_path":"models/transformers/Qwen3-0.6B/DPOTrained/dpo_policy_lora","eval/epoch":0,"epoch/eval_loss":0.6767402585710882,"_step":47,"epoch/train_loss":0.9508604980507728,"epoch":1,"final/eval_loss":0.6767402585710882,"train/step":450,"train/epoch":1,"epoch/learning_rate":0,"train/grad_norm":0,"final/train_loss":0.9508604980507728,"_runtime":1383,"_wandb":{"runtime":1383}}