{"train_steps_per_second":0.169,"eval/samples_per_second":6.016,"_runtime":2720,"train/logits/rejected":0.4642166197299957,"eval/rewards/chosen":1.027356743812561,"eval/steps_per_second":6.016,"train_runtime":2713.2378,"eval/logits/rejected":0.5949507355690002,"eval/logps/chosen":-425.36248779296875,"eval/runtime":24.9334,"train/logits/chosen":0.13083171844482422,"train/epoch":1,"train/grad_norm":16.22281265258789,"total_flos":0,"eval/rewards/accuracies":0.5866666436195374,"eval/rewards/rejected":0.4704833924770355,"train/rewards/margins":0.44781798124313354,"train/rewards/rejected":0.506701648235321,"eval/rewards/margins":0.5566633939743042,"train/rewards/chosen":0.9542800784111023,"train/logps/rejected":-395.44842529296875,"eval/loss":0.5887914299964905,"final/training_completed":true,"eval/logits/chosen":0.275124728679657,"train/learning_rate":1.4458732671523978e-08,"final/model_path":"../../../models/transformers/Qwen3-1.7B/DPOTrained","_timestamp":1.7594729389085965e+09,"train/global_step":459,"train/logps/chosen":-435.26251220703125,"_wandb":{"runtime":2720},"eval/logps/rejected":-361.6199951171875,"train_samples_per_second":2.703,"_step":55,"train/rewards/accuracies":0.6000000238418579,"train/loss":0.5941,"train_loss":0.6074114697691142}